Workbook
Name Slicer_ISIN: #N/A

Sheet Internal_Ledger
A1: Trade ID | B1: ISIN | C1: Trade Date | D1: Direction | E1: Quantity | F1: Price | G1: Net Amount
A2: TRD-10001 | B2: INE030A01027 | C2: 46257 | D2: BUY | E2: 1450 | F2: 300.97 | G2: 436406.5
A3: TRD-10002 | B3: INE002A01018 | C3: 46256 | D3: BUY | E3: 3550 | F3: 172.67999 | G3: 613013.97
A4: TRD-10003 | B4: INE040A01034 | C4: 46256 | D4: SELL | E4: 4850 | F4: 585.71997 | G4: 2840741.9
A5: TRD-10004 | B5: INE040A01034 | C5: 46258 | D5: BUY | E5: 3850 | F5: 176.75 | G5: 680487.5
A6: TRD-10005 | B6: INE018A01030 | C6: 46258 | D6: BUY | E6: 3250 | F6: 281.89999 | G6: 916174.98
A7: TRD-10006 | B7: INE040A01034 | C7: 46255 | D7: BUY | E7: 4950 | F7: 605.47998 | G7: 2997125.9
A8: TRD-10008 | B8: INE030A01027 | C8: 46259 | D8: BUY | E8: 550 | F8: 201.50999 | G8: 110830.5
A9: TRD-10009 | B9: INE009A01021 | C9: 46259 | D9: SELL | E9: 1950 | F9: 300.48999 | G9: 585955.48
A10: TRD-10010 | B10: INE040A01034 | C10: 46257 | D10: SELL | E10: 850 | F10: 231.41 | G10: 196698.5
A11: TRD-10011 | B11: INE018A01030 | C11: 46257 | D11: BUY | E11: 1650 | F11: 466.59 | G11: 769873.49
A12: TRD-10012 | B12: INE002A01018 | C12: 46257 | D12: SELL | E12: 2300 | F12: 602.85999 | G12: 1386578
A13: TRD-10013 | B13: INE030A01027 | C13: 46258 | D13: SELL | E13: 4600 | F13: 465.87 | G13: 2143002
... A482: TRD-10500 | B482: INE040A01034 | C482: 46255 | D482: BUY | E482: 1050 | F482: 451 | G482: 473550

Sheet Broker_Statement
A1: Trade ID | B1: ISIN | C1: Trade Date | D1: Direction | E1: Quantity | F1: Price | G1: Net Amount
A2: TRD-10001 | B2: INE030A01027 | C2: 46257 | D2: BUY | E2: 1450 | F2: 300.97 | G2: 436406.5
A3: TRD-10002 | B3: INE002A01018 | C3: 46256 | D3: BUY | E3: 3550 | F3: 172.67999 | G3: 613013.97
A4: TRD-10003 | B4: INE040A01034 | C4: 46256 | D4: SELL | E4: 4850 | F4: 585.71997 | G4: 2840741.9
A5: TRD-10004 | B5: INE040A01034 | C5: 46258 | D5: BUY | E5: 3850 | F5: 176.75 | G5: 680487.5
A6: TRD-10005 | B6: INE018A01030 | C6: 46258 | D6: BUY | E6: 3250 | F6: 281.89999 | G6: 916174.98
A7: TRD-10006 | B7: INE040A01034 | C7: 46255 | D7: BUY | E7: 4950 | F7: 605.47998 | G7: 2997125.9
A8: TRD-10007 | B8: INE030A01027 | C8: 46255 | D8: SELL | E8: 2700 | F8: 203.17999 | G8: 548585.98
A9: TRD-10008 | B9: INE030A01027 | C9: 46259 | D9: BUY | E9: 550 | F9: 201.50999 | G9: 110830.5
A10: TRD-10010 | B10: INE040A01034 | C10: 46257 | D10: SELL | E10: 850 | F10: 231.41 | G10: 196698.5
A11: TRD-10011 | B11: INE018A01030 | C11: 46257 | D11: BUY | E11: 1650 | F11: 466.59 | G11: 769873.49
A12: TRD-10012 | B12: INE002A01018 | C12: 46257 | D12: SELL | E12: 2300 | F12: 602.85999 | G12: 1386578
A13: TRD-10013 | B13: INE030A01027 | C13: 46258 | D13: SELL | E13: 4600 | F13: 465.87 | G13: 2143002
... A476: TRD-10500 | B476: INE040A01034 | C476: 46255 | D476: BUY | E476: 1050 | F476: 451 | G476: 473550

Sheet Break_Report
A1: Trade ID | B1: ISIN | C1: Recon Status | D1: Internal Qty | E1: Broker Qty | F1: Internal Price | G1: Broker Price | H1: Net Exposure Diff (INR)
A2: TRD-10001 | B2: =IFERROR(VLOOKUP(A2, Internal_Ledger!A:B, 2, FALSE), VLOOKUP(A2, Broker_Statement!A:B, 2, FALSE)) -> INE030A01027 | C2: =IF(COUNTIF(Internal_Ledger!A:A, A2)=0, "Missing Internal", IF(COUNTIF(Broker_Statement!A:A, A2)=0, "Missing on Street", IF(D2<>E2, "Quantity Break", IF(F2<>G2, "Price Break", "Matched Perfectly")))) -> Matched Perfectly | D2: =IFERROR(VLOOKUP(A2, Internal_Ledger!A:G, 5, FALSE), 0) -> 1450 | E2: =IFERROR(VLOOKUP(A2, Broker_Statement!A:G, 5, FALSE), 0) -> 1450 | F2: =IFERROR(VLOOKUP(A2, Internal_Ledger!A:G, 6, FALSE), 0) -> 300.97 | G2: =IFERROR(VLOOKUP(A2, Broker_Statement!A:G, 6, FALSE), 0) -> 300.97 | H2: =ABS((D2*F2) - (E2*G2)) -> 0
A3: TRD-10002 | B3: =IFERROR(VLOOKUP(A3, Internal_Ledger!A:B, 2, FALSE), VLOOKUP(A3, Broker_Statement!A:B, 2, FALSE)) -> INE002A01018 | C3: =IF(COUNTIF(Internal_Ledger!A:A, A3)=0, "Missing Internal", IF(COUNTIF(Broker_Statement!A:A, A3)=0, "Missing on Street", IF(D3<>E3, "Quantity Break", IF(F3<>G3, "Price Break", "Matched Perfectly")))) -> Matched Perfectly | D3: =IFERROR(VLOOKUP(A3, Internal_Ledger!A:G, 5, FALSE), 0) -> 3550 | E3: =IFERROR(VLOOKUP(A3, Broker_Statement!A:G, 5, FALSE), 0) -> 3550 | F3: =IFERROR(VLOOKUP(A3, Internal_Ledger!A:G, 6, FALSE), 0) -> 172.67999 | G3: =IFERROR(VLOOKUP(A3, Broker_Statement!A:G, 6, FALSE), 0) -> 172.67999 | H3: =ABS((D3*F3) - (E3*G3)) -> 0
A4: TRD-10003 | B4: =IFERROR(VLOOKUP(A4, Internal_Ledger!A:B, 2, FALSE), VLOOKUP(A4, Broker_Statement!A:B, 2, FALSE)) -> INE040A01034 | C4: =IF(COUNTIF(Internal_Ledger!A:A, A4)=0, "Missing Internal", IF(COUNTIF(Broker_Statement!A:A, A4)=0, "Missing on Street", IF(D4<>E4, "Quantity Break", IF(F4<>G4, "Price Break", "Matched Perfectly")))) -> Matched Perfectly | D4: =IFERROR(VLOOKUP(A4, Internal_Ledger!A:G, 5, FALSE), 0) -> 4850 | E4: =IFERROR(VLOOKUP(A4, Broker_Statement!A:G, 5, FALSE), 0) -> 4850 | F4: =IFERROR(VLOOKUP(A4, Internal_Ledger!A:G, 6, FALSE), 0) -> 585.71997 | G4: =IFERROR(VLOOKUP(A4, Broker_Statement!A:G, 6, FALSE), 0) -> 585.71997 | H4: =ABS((D4*F4) - (E4*G4)) -> 0
A5: TRD-10004 | B5: =IFERROR(VLOOKUP(A5, Internal_Ledger!A:B, 2, FALSE), VLOOKUP(A5, Broker_Statement!A:B, 2, FALSE)) -> INE040A01034 | C5: =IF(COUNTIF(Internal_Ledger!A:A, A5)=0, "Missing Internal", IF(COUNTIF(Broker_Statement!A:A, A5)=0, "Missing on Street", IF(D5<>E5, "Quantity Break", IF(F5<>G5, "Price Break", "Matched Perfectly")))) -> Matched Perfectly | D5: =IFERROR(VLOOKUP(A5, Internal_Ledger!A:G, 5, FALSE), 0) -> 3850 | E5: =IFERROR(VLOOKUP(A5, Broker_Statement!A:G, 5, FALSE), 0) -> 3850 | F5: =IFERROR(VLOOKUP(A5, Internal_Ledger!A:G, 6, FALSE), 0) -> 176.75 | G5: =IFERROR(VLOOKUP(A5, Broker_Statement!A:G, 6, FALSE), 0) -> 176.75 | H5: =ABS((D5*F5) - (E5*G5)) -> 0
A6: TRD-10005 | B6: =IFERROR(VLOOKUP(A6, Internal_Ledger!A:B, 2, FALSE), VLOOKUP(A6, Broker_Statement!A:B, 2, FALSE)) -> INE018A01030 | C6: =IF(COUNTIF(Internal_Ledger!A:A, A6)=0, "Missing Internal", IF(COUNTIF(Broker_Statement!A:A, A6)=0, "Missing on Street", IF(D6<>E6, "Quantity Break", IF(F6<>G6, "Price Break", "Matched Perfectly")))) -> Matched Perfectly | D6: =IFERROR(VLOOKUP(A6, Internal_Ledger!A:G, 5, FALSE), 0) -> 3250 | E6: =IFERROR(VLOOKUP(A6, Broker_Statement!A:G, 5, FALSE), 0) -> 3250 | F6: =IFERROR(VLOOKUP(A6, Internal_Ledger!A:G, 6, FALSE), 0) -> 281.89999 | G6: =IFERROR(VLOOKUP(A6, Broker_Statement!A:G, 6, FALSE), 0) -> 281.89999 | H6: =ABS((D6*F6) - (E6*G6)) -> 0
A7: TRD-10006 | B7: =IFERROR(VLOOKUP(A7, Internal_Ledger!A:B, 2, FALSE), VLOOKUP(A7, Broker_Statement!A:B, 2, FALSE)) -> INE040A01034 | C7: =IF(COUNTIF(Internal_Ledger!A:A, A7)=0, "Missing Internal", IF(COUNTIF(Broker_Statement!A:A, A7)=0, "Missing on Street", IF(D7<>E7, "Quantity Break", IF(F7<>G7, "Price Break", "Matched Perfectly")))) -> Matched Perfectly | D7: =IFERROR(VLOOKUP(A7, Internal_Ledger!A:G, 5, FALSE), 0) -> 4950 | E7: =IFERROR(VLOOKUP(A7, Broker_Statement!A:G, 5, FALSE), 0) -> 4950 | F7: =IFERROR(VLOOKUP(A7, Internal_Ledger!A:G, 6, FALSE), 0) -> 605.47998 | G7: =IFERROR(VLOOKUP(A7, Broker_Statement!A:G, 6, FALSE), 0) -> 605.47998 | H7: =ABS((D7*F7) - (E7*G7)) -> 0
A8: TRD-10008 | B8: =IFERROR(VLOOKUP(A8, Internal_Ledger!A:B, 2, FALSE), VLOOKUP(A8, Broker_Statement!A:B, 2, FALSE)) -> INE030A01027 | C8: =IF(COUNTIF(Internal_Ledger!A:A, A8)=0, "Missing Internal", IF(COUNTIF(Broker_Statement!A:A, A8)=0, "Missing on Street", IF(D8<>E8, "Quantity Break", IF(F8<>G8, "Price Break", "Matched Perfectly")))) -> Matched Perfectly | D8: =IFERROR(VLOOKUP(A8, Internal_Ledger!A:G, 5, FALSE), 0) -> 550 | E8: =IFERROR(VLOOKUP(A8, Broker_Statement!A:G, 5, FALSE), 0) -> 550 | F8: =IFERROR(VLOOKUP(A8, Internal_Ledger!A:G, 6, FALSE), 0) -> 201.50999 | G8: =IFERROR(VLOOKUP(A8, Broker_Statement!A:G, 6, FALSE), 0) -> 201.50999 | H8: =ABS((D8*F8) - (E8*G8)) -> 0
A9: TRD-10009 | B9: =IFERROR(VLOOKUP(A9, Internal_Ledger!A:B, 2, FALSE), VLOOKUP(A9, Broker_Statement!A:B, 2, FALSE)) -> INE009A01021 | C9: =IF(COUNTIF(Internal_Ledger!A:A, A9)=0, "Missing Internal", IF(COUNTIF(Broker_Statement!A:A, A9)=0, "Missing on Street", IF(D9<>E9, "Quantity Break", IF(F9<>G9, "Price Break", "Matched Perfectly")))) -> Missing on Street | D9: =IFERROR(VLOOKUP(A9, Internal_Ledger!A:G, 5, FALSE), 0) -> 1950 | E9: =IFERROR(VLOOKUP(A9, Broker_Statement!A:G, 5, FALSE), 0) -> 0 | F9: =IFERROR(VLOOKUP(A9, Internal_Ledger!A:G, 6, FALSE), 0) -> 300.48999 | G9: =IFERROR(VLOOKUP(A9, Broker_Statement!A:G, 6, FALSE), 0) -> 0 | H9: =ABS((D9*F9) - (E9*G9)) -> 585955.48
A10: TRD-10010 | B10: =IFERROR(VLOOKUP(A10, Internal_Ledger!A:B, 2, FALSE), VLOOKUP(A10, Broker_Statement!A:B, 2, FALSE)) -> INE040A01034 | C10: =IF(COUNTIF(Internal_Ledger!A:A, A10)=0, "Missing Internal", IF(COUNTIF(Broker_Statement!A:A, A10)=0, "Missing on Street", IF(D10<>E10, "Quantity Break", IF(F10<>G10, "Price Break", "Matched Perfectly")))) -> Matched Perfectly | D10: =IFERROR(VLOOKUP(A10, Internal_Ledger!A:G, 5, FALSE), 0) -> 850 | E10: =IFERROR(VLOOKUP(A10, Broker_Statement!A:G, 5, FALSE), 0) -> 850 | F10: =IFERROR(VLOOKUP(A10, Internal_Ledger!A:G, 6, FALSE), 0) -> 231.41 | G10: =IFERROR(VLOOKUP(A10, Broker_Statement!A:G, 6, FALSE), 0) -> 231.41 | H10: =ABS((D10*F10) - (E10*G10)) -> 0
A11: TRD-10011 | B11: =IFERROR(VLOOKUP(A11, Internal_Ledger!A:B, 2, FALSE), VLOOKUP(A11, Broker_Statement!A:B, 2, FALSE)) -> INE018A01030 | C11: =IF(COUNTIF(Internal_Ledger!A:A, A11)=0, "Missing Internal", IF(COUNTIF(Broker_Statement!A:A, A11)=0, "Missing on Street", IF(D11<>E11, "Quantity Break", IF(F11<>G11, "Price Break", "Matched Perfectly")))) -> Matched Perfectly | D11: =IFERROR(VLOOKUP(A11, Internal_Ledger!A:G, 5, FALSE), 0) -> 1650 | E11: =IFERROR(VLOOKUP(A11, Broker_Statement!A:G, 5, FALSE), 0) -> 1650 | F11: =IFERROR(VLOOKUP(A11, Internal_Ledger!A:G, 6, FALSE), 0) -> 466.59 | G11: =IFERROR(VLOOKUP(A11, Broker_Statement!A:G, 6, FALSE), 0) -> 466.59 | H11: =ABS((D11*F11) - (E11*G11)) -> 0
A12: TRD-10012 | B12: =IFERROR(VLOOKUP(A12, Internal_Ledger!A:B, 2, FALSE), VLOOKUP(A12, Broker_Statement!A:B, 2, FALSE)) -> INE002A01018 | C12: =IF(COUNTIF(Internal_Ledger!A:A, A12)=0, "Missing Internal", IF(COUNTIF(Broker_Statement!A:A, A12)=0, "Missing on Street", IF(D12<>E12, "Quantity Break", IF(F12<>G12, "Price Break", "Matched Perfectly")))) -> Matched Perfectly | D12: =IFERROR(VLOOKUP(A12, Internal_Ledger!A:G, 5, FALSE), 0) -> 2300 | E12: =IFERROR(VLOOKUP(A12, Broker_Statement!A:G, 5, FALSE), 0) -> 2300 | F12: =IFERROR(VLOOKUP(A12, Internal_Ledger!A:G, 6, FALSE), 0) -> 602.85999 | G12: =IFERROR(VLOOKUP(A12, Broker_Statement!A:G, 6, FALSE), 0) -> 602.85999 | H12: =ABS((D12*F12) - (E12*G12)) -> 0
A13: TRD-10013 | B13: =IFERROR(VLOOKUP(A13, Internal_Ledger!A:B, 2, FALSE), VLOOKUP(A13, Broker_Statement!A:B, 2, FALSE)) -> INE030A01027 | C13: =IF(COUNTIF(Internal_Ledger!A:A, A13)=0, "Missing Internal", IF(COUNTIF(Broker_Statement!A:A, A13)=0, "Missing on Street", IF(D13<>E13, "Quantity Break", IF(F13<>G13, "Price Break", "Matched Perfectly")))) -> Matched Perfectly | D13: =IFERROR(VLOOKUP(A13, Internal_Ledger!A:G, 5, FALSE), 0) -> 4600 | E13: =IFERROR(VLOOKUP(A13, Broker_Statement!A:G, 5, FALSE), 0) -> 4600 | F13: =IFERROR(VLOOKUP(A13, Internal_Ledger!A:G, 6, FALSE), 0) -> 465.87 | G13: =IFERROR(VLOOKUP(A13, Broker_Statement!A:G, 6, FALSE), 0) -> 465.87 | H13: =ABS((D13*F13) - (E13*G13)) -> 0
... A501: TRD-10473 | B501: =IFERROR(VLOOKUP(A501, Internal_Ledger!A:B, 2, FALSE), VLOOKUP(A501, Broker_Statement!A:B, 2, FALSE)) -> INE018A01030 | C501: =IF(COUNTIF(Internal_Ledger!A:A, A501)=0, "Missing Internal", IF(COUNTIF(Broker_Statement!A:A, A501)=0, "Missing on Street", IF(D501<>E501, "Quantity Break", IF(F501<>G501, "Price Break", "Matched Perfectly")))) -> Missing Internal | D501: =IFERROR(VLOOKUP(A501, Internal_Ledger!A:G, 5, FALSE), 0) -> 0 | E501: =IFERROR(VLOOKUP(A501, Broker_Statement!A:G, 5, FALSE), 0) -> 2400 | F501: =IFERROR(VLOOKUP(A501, Internal_Ledger!A:G, 6, FALSE), 0) -> 0 | G501: =IFERROR(VLOOKUP(A501, Broker_Statement!A:G, 6, FALSE), 0) -> 518.46002 | H501: =ABS((D501*F501) - (E501*G501)) -> 1244304.1

Sheet Recon_Dashboard
A3: Row Labels | B3: Count of Trade ID | D3: Row Labels | E3: Sum of Net Exposure Diff (INR)
A4: Matched Perfectly | B4: 81 | D4: Missing Internal | E4: 2571289.5
A5: Missing Internal | B5: 4 | D5: Missing on Street | E5: 4191611
A6: Missing on Street | B6: 5 | D6: Price Break | E6: 5142.5001
A7: Price Break | B7: 6 | D7: Quantity Break | E7: 71489
A8: Quantity Break | B8: 4 | D8: Grand Total | E8: 6839532
A9: Grand Total | B9: 100

Sheet Dashboard
A1: Daily Trade Reconciliation & Exception Report
